,INSCRIPTA_EditType,INSCRIPTA_TargetType,INSCRIPTA_TargetName,INSCRIPTA_CoordinateType,INSCRIPTA_PositionType,INSCRIPTA_PositionValue,INSCRIPTA_SaturationReplacementType,INSCRIPTA_Control,INSCRIPTA_NumberOfCoordinatesToDelete,INSCRIPTA_InsertionSequence,INSCRIPTA_Comment
143,Substitution,Specific CDS,marC,Amino Acid,Specific Position,51,,,,I,
232,Substitution,Specific CDS,marC,Amino Acid,Specific Position,50,,,,F,
256,Substitution,Specific CDS,ybjL,Amino Acid,Specific Position,473,,,,S,
285,Substitution,Specific CDS,purT,Amino Acid,Specific Position,40,,,,V,
302,Substitution,Specific CDS,sapF,Amino Acid,Specific Position,226,,,,R,
327,Substitution,Specific CDS,sapD,Amino Acid,Specific Position,285,,,,Q,
448,Substitution,Specific CDS,sapF,Amino Acid,Specific Position,229,,,,I,
526,Substitution,Specific CDS,ybjL,Amino Acid,Specific Position,479,,,,E,
635,Substitution,Specific CDS,kgtP,Amino Acid,Specific Position,375,,,,S,
636,Substitution,Specific CDS,sapC,Amino Acid,Specific Position,224,,,,R,
867,Substitution,Specific CDS,ybjL,Amino Acid,Specific Position,477,,,,A,
932,Substitution,Specific CDS,rob,Amino Acid,Specific Position,283,,,,V,
966,Substitution,Specific CDS,ybjL,Amino Acid,Specific Position,515,,,,A,
979,Substitution,Specific CDS,sapD,Amino Acid,Specific Position,293,,,,H,
986,Substitution,Specific CDS,manY,Amino Acid,Specific Position,108,,,,G,
997,Substitution,Specific CDS,relA,Amino Acid,Specific Position,611,,,,C,
999,Substitution,Specific CDS,relA,Amino Acid,Specific Position,49,,,,Y,
1016,Substitution,Specific CDS,rob,Amino Acid,Specific Position,205,,,,E,
1068,Substitution,Specific CDS,rob,Amino Acid,Specific Position,283,,,,Y,
1082,Substitution,Specific CDS,rob,Amino Acid,Specific Position,282,,,,D,
1188,Substitution,Specific CDS,rob,Amino Acid,Specific Position,207,,,,S,
1197,Substitution,Specific CDS,rob,Amino Acid,Specific Position,217,,,,G,
1250,Substitution,Specific CDS,rob,Amino Acid,Specific Position,210,,,,HLHNS,
1273,Substitution,Specific CDS,metJ,Amino Acid,Specific Position,103,,,,G,
1282,Substitution,Specific CDS,sapC,Amino Acid,Specific Position,222,,,,H,
1392,Substitution,Specific CDS,rob,Amino Acid,Specific Position,208,,,,H,
1407,Substitution,Specific CDS,purT,Amino Acid,Specific Position,38,,,,T,
1525,Substitution,Specific CDS,rob,Amino Acid,Specific Position,283,,,,F,
1812,Substitution,Specific CDS,ybjL,Amino Acid,Specific Position,476,,,,V,
1920,Substitution,Specific CDS,rob,Amino Acid,Specific Position,215,,,,N,
2013,Substitution,Specific CDS,purT,Amino Acid,Specific Position,40,,,,T,
2017,Substitution,Specific CDS,rob,Amino Acid,Specific Position,212,,,,PSAQ,
2084,Substitution,Specific CDS,sapD,Amino Acid,Specific Position,287,,,,L,
2111,Substitution,Specific CDS,sapA,Amino Acid,Specific Position,213,,,,I,
2126,Substitution,Specific CDS,relA,Amino Acid,Specific Position,652,,,,M,
2194,Substitution,Specific CDS,sapF,Amino Acid,Specific Position,228,,,,G,
2210,Substitution,Specific CDS,mreB,Amino Acid,Specific Position,270,,,,T,
2219,Substitution,Specific CDS,manY,Amino Acid,Specific Position,259,,,,S,
2220,Substitution,Specific CDS,relA,Amino Acid,Specific Position,53,,,,C,
2297,Substitution,Specific CDS,rob,Amino Acid,Specific Position,282,,,,Q,
2509,Substitution,Specific CDS,sapF,Amino Acid,Specific Position,226,,,,L,
2543,Substitution,Specific CDS,manY,Amino Acid,Specific Position,188,,,,I,
2596,Substitution,Specific CDS,ybjL,Amino Acid,Specific Position,509,,,,I,
2797,Substitution,Specific CDS,sapF,Amino Acid,Specific Position,223,,,,E,
2803,Substitution,Specific CDS,rob,Amino Acid,Specific Position,284,,,,M,
2827,Substitution,Specific CDS,relA,Amino Acid,Specific Position,656,,,,A,
3036,Substitution,Specific CDS,sapC,Amino Acid,Specific Position,224,,,,Q,
3070,Substitution,Specific CDS,kgtP,Amino Acid,Specific Position,374,,,,A,
3280,Substitution,Specific CDS,rob,Amino Acid,Specific Position,209,,,,D,
3321,Substitution,Specific CDS,ybjL,Amino Acid,Specific Position,558,,,,L,
3335,Substitution,Specific CDS,rob,Amino Acid,Specific Position,214,,,,W,
3372,Substitution,Specific CDS,ybjL,Amino Acid,Specific Position,471,,,,V,
3488,Substitution,Specific CDS,purT,Amino Acid,Specific Position,52,,,,A,
3489,Substitution,Specific CDS,rob,Amino Acid,Specific Position,216,,,,L,
3592,Substitution,Specific CDS,marC,Amino Acid,Specific Position,53,,,,T,
3605,Substitution,Specific CDS,ybjL,Amino Acid,Specific Position,559,,,,R,
3654,Substitution,Specific CDS,relA,Amino Acid,Specific Position,672,,,,G,
3701,Substitution,Specific CDS,purT,Amino Acid,Specific Position,52,,,,I,
3773,Substitution,Specific CDS,relA,Amino Acid,Specific Position,739,,,,C,
3824,Substitution,Specific CDS,proV,Amino Acid,Specific Position,170,,,,C,
3960,Substitution,Specific CDS,ybjL,Amino Acid,Specific Position,476,,,,F,
4025,Substitution,Specific CDS,ybjL,Amino Acid,Specific Position,473,,,,D,
4050,Substitution,Specific CDS,mreB,Amino Acid,Specific Position,272,,,,R,
4077,Substitution,Specific CDS,sapF,Amino Acid,Specific Position,224,,,,I,
4086,Substitution,Specific CDS,sapD,Amino Acid,Specific Position,286,,,,V,
4157,Substitution,Specific CDS,rob,Amino Acid,Specific Position,210,,,,HLQHA,
4216,Substitution,Specific CDS,purT,Amino Acid,Specific Position,51,,,,Q,
4268,Substitution,Specific CDS,metJ,Amino Acid,Specific Position,104,,,,K,
4338,Substitution,Specific CDS,rob,Amino Acid,Specific Position,205,,,,A,
4396,Substitution,Specific CDS,metJ,Amino Acid,Specific Position,101,,,,D,
4409,Substitution,Specific CDS,purT,Amino Acid,Specific Position,38,,,,G,
4448,Substitution,Specific CDS,sapA,Amino Acid,Specific Position,218,,,,F,
4528,Substitution,Specific CDS,sapF,Amino Acid,Specific Position,226,,,,N,
4535,Substitution,Specific CDS,sapC,Amino Acid,Specific Position,222,,,,L,
4643,Substitution,Specific CDS,sapF,Amino Acid,Specific Position,225,,,,Q,
4733,Substitution,Specific CDS,relA,Amino Acid,Specific Position,669,,,,I,
4805,Substitution,Specific CDS,relA,Amino Acid,Specific Position,672,,,,M,
4846,Substitution,Specific CDS,rob,Amino Acid,Specific Position,208,,,,N,
